scenario_id,gap_pct,cumulative_count,cumulative_pct
baseline,0.0,0,0.0
baseline,0.5,0,0.0
baseline,1.0,0,0.0
baseline,1.5,0,0.0
baseline,2.0,0,0.0
baseline,2.5,0,0.0
baseline,3.0,0,0.0
baseline,3.5,0,0.0
baseline,4.0,0,0.0
baseline,4.5,0,0.0
baseline,5.0,0,0.0
baseline,5.5,0,0.0
baseline,6.0,0,0.0
baseline,6.5,0,0.0
baseline,7.0,0,0.0
baseline,7.5,0,0.0
baseline,8.0,0,0.0
baseline,8.5,0,0.0
baseline,9.0,0,0.0
baseline,9.5,0,0.0
baseline,10.0,0,0.0
baseline,10.5,0,0.0
baseline,11.0,0,0.0
baseline,11.5,0,0.0
baseline,12.0,0,0.0
baseline,12.5,0,0.0
baseline,13.0,0,0.0
baseline,13.5,0,0.0
baseline,14.0,0,0.0
baseline,14.5,0,0.0
baseline,15.0,0,0.0
baseline,15.5,0,0.0
baseline,16.0,0,0.0
baseline,16.5,0,0.0
baseline,17.0,0,0.0
baseline,17.5,0,0.0
baseline,18.0,0,0.0
baseline,18.5,0,0.0
baseline,19.0,0,0.0
baseline,19.5,0,0.0
baseline,20.0,0,0.0
baseline,20.5,0,0.0
baseline,21.0,0,0.0
baseline,21.5,0,0.0
baseline,22.0,0,0.0
baseline,22.5,0,0.0
baseline,23.0,0,0.0
baseline,23.5,0,0.0
baseline,24.0,0,0.0
baseline,24.5,0,0.0
baseline,25.0,0,0.0
baseline,25.5,0,0.0
baseline,26.0,0,0.0
baseline,26.5,0,0.0
baseline,27.0,0,0.0
baseline,27.5,0,0.0
baseline,28.0,0,0.0
baseline,28.5,0,0.0
baseline,29.0,0,0.0
baseline,29.5,0,0.0
baseline,30.0,0,0.0
baseline,30.5,0,0.0
baseline,31.0,0,0.0
baseline,31.5,0,0.0
baseline,32.0,0,0.0
baseline,32.5,0,0.0
baseline,33.0,0,0.0
baseline,33.5,0,0.0
baseline,34.0,0,0.0
baseline,34.5,0,0.0
baseline,35.0,0,0.0
baseline,35.5,0,0.0
baseline,36.0,0,0.0
baseline,36.5,0,0.0
baseline,37.0,0,0.0
baseline,37.5,0,0.0
baseline,38.0,0,0.0
baseline,38.5,0,0.0
baseline,39.0,0,0.0
baseline,39.5,0,0.0
baseline,40.0,0,0.0
baseline,40.5,0,0.0
baseline,41.0,0,0.0
baseline,41.5,0,0.0
baseline,42.0,0,0.0
baseline,42.5,0,0.0
baseline,43.0,0,0.0
baseline,43.5,0,0.0
baseline,44.0,0,0.0
baseline,44.5,0,0.0
baseline,45.0,0,0.0
baseline,45.5,0,0.0
baseline,46.0,0,0.0
baseline,46.5,0,0.0
baseline,47.0,0,0.0
baseline,47.5,0,0.0
baseline,48.0,0,0.0
baseline,48.5,0,0.0
baseline,49.0,0,0.0
baseline,49.5,0,0.0
baseline,50.0,0,0.0
baseline,50.5,0,0.0
baseline,51.0,0,0.0
baseline,51.5,0,0.0
baseline,52.0,0,0.0
baseline,52.5,0,0.0
baseline,53.0,0,0.0
baseline,53.5,0,0.0
baseline,54.0,0,0.0
baseline,54.5,0,0.0
baseline,55.0,0,0.0
baseline,55.5,0,0.0
baseline,56.0,0,0.0
baseline,56.5,0,0.0
baseline,57.0,0,0.0
baseline,57.5,0,0.0
baseline,58.0,0,0.0
baseline,58.5,0,0.0
baseline,59.0,0,0.0
baseline,59.5,0,0.0
baseline,60.0,0,0.0
baseline,60.5,0,0.0
baseline,61.0,0,0.0
baseline,61.5,0,0.0
baseline,62.0,0,0.0
baseline,62.5,0,0.0
baseline,63.0,0,0.0
baseline,63.5,0,0.0
baseline,64.0,0,0.0
baseline,64.5,0,0.0
baseline,65.0,0,0.0
baseline,65.5,0,0.0
baseline,66.0,0,0.0
baseline,66.5,0,0.0
baseline,67.0,0,0.0
baseline,67.5,0,0.0
baseline,68.0,0,0.0
baseline,68.5,0,0.0
baseline,69.0,0,0.0
baseline,69.5,0,0.0
baseline,70.0,0,0.0
baseline,70.5,0,0.0
baseline,71.0,0,0.0
baseline,71.5,0,0.0
baseline,72.0,0,0.0
baseline,72.5,0,0.0
baseline,73.0,0,0.0
baseline,73.5,0,0.0
baseline,74.0,0,0.0
baseline,74.5,1,0.05555555555555555
baseline,75.0,1,0.05555555555555555
baseline,75.5,2,0.1111111111111111
baseline,76.0,3,0.16666666666666669
baseline,76.5,3,0.16666666666666669
baseline,77.0,3,0.16666666666666669
baseline,77.5,3,0.16666666666666669
baseline,78.0,6,0.33333333333333337
baseline,78.5,8,0.4444444444444444
baseline,79.0,14,0.7777777777777778
baseline,79.5,18,1.0
baseline,80.0,23,1.277777777777778
baseline,80.5,36,2.0
baseline,81.0,51,2.833333333333333
baseline,81.5,72,4.0
baseline,82.0,85,4.722222222222222
baseline,82.5,95,5.277777777777778
baseline,83.0,107,5.944444444444445
baseline,83.5,126,7.000000000000001
baseline,84.0,140,7.777777777777778
baseline,84.5,153,8.5
baseline,85.0,171,9.5
baseline,85.5,181,10.055555555555555
baseline,86.0,202,11.222222222222221
baseline,86.5,235,13.055555555555557
baseline,87.0,261,14.499999999999998
baseline,87.5,273,15.166666666666668
baseline,88.0,283,15.722222222222223
baseline,88.5,298,16.555555555555557
baseline,89.0,310,17.22222222222222
baseline,89.5,329,18.27777777777778
baseline,90.0,331,18.38888888888889
baseline,90.5,333,18.5
baseline,91.0,341,18.944444444444443
baseline,91.5,348,19.333333333333332
baseline,92.0,357,19.833333333333332
baseline,92.5,363,20.166666666666664
baseline,93.0,372,20.666666666666668
baseline,93.5,383,21.27777777777778
baseline,94.0,388,21.555555555555557
baseline,94.5,406,22.555555555555557
baseline,95.0,411,22.833333333333332
baseline,95.5,415,23.055555555555557
baseline,96.0,417,23.166666666666664
baseline,96.5,418,23.22222222222222
baseline,97.0,418,23.22222222222222
baseline,97.5,418,23.22222222222222
baseline,98.0,418,23.22222222222222
baseline,98.5,418,23.22222222222222
baseline,99.0,418,23.22222222222222
baseline,99.5,418,23.22222222222222
baseline,100.0,1800,100.0
tight_bounds,0.0,0,0.0
tight_bounds,0.5,0,0.0
tight_bounds,1.0,0,0.0
tight_bounds,1.5,0,0.0
tight_bounds,2.0,0,0.0
tight_bounds,2.5,0,0.0
tight_bounds,3.0,0,0.0
tight_bounds,3.5,0,0.0
tight_bounds,4.0,0,0.0
tight_bounds,4.5,0,0.0
tight_bounds,5.0,0,0.0
tight_bounds,5.5,0,0.0
tight_bounds,6.0,0,0.0
tight_bounds,6.5,0,0.0
tight_bounds,7.0,0,0.0
tight_bounds,7.5,0,0.0
tight_bounds,8.0,0,0.0
tight_bounds,8.5,0,0.0
tight_bounds,9.0,0,0.0
tight_bounds,9.5,0,0.0
tight_bounds,10.0,0,0.0
tight_bounds,10.5,0,0.0
tight_bounds,11.0,0,0.0
tight_bounds,11.5,0,0.0
tight_bounds,12.0,0,0.0
tight_bounds,12.5,0,0.0
tight_bounds,13.0,0,0.0
tight_bounds,13.5,0,0.0
tight_bounds,14.0,0,0.0
tight_bounds,14.5,0,0.0
tight_bounds,15.0,0,0.0
tight_bounds,15.5,0,0.0
tight_bounds,16.0,0,0.0
tight_bounds,16.5,0,0.0
tight_bounds,17.0,0,0.0
tight_bounds,17.5,0,0.0
tight_bounds,18.0,0,0.0
tight_bounds,18.5,0,0.0
tight_bounds,19.0,0,0.0
tight_bounds,19.5,0,0.0
tight_bounds,20.0,0,0.0
tight_bounds,20.5,0,0.0
tight_bounds,21.0,0,0.0
tight_bounds,21.5,0,0.0
tight_bounds,22.0,0,0.0
tight_bounds,22.5,0,0.0
tight_bounds,23.0,0,0.0
tight_bounds,23.5,0,0.0
tight_bounds,24.0,0,0.0
tight_bounds,24.5,0,0.0
tight_bounds,25.0,0,0.0
tight_bounds,25.5,0,0.0
tight_bounds,26.0,0,0.0
tight_bounds,26.5,0,0.0
tight_bounds,27.0,0,0.0
tight_bounds,27.5,0,0.0
tight_bounds,28.0,0,0.0
tight_bounds,28.5,0,0.0
tight_bounds,29.0,0,0.0
tight_bounds,29.5,0,0.0
tight_bounds,30.0,0,0.0
tight_bounds,30.5,0,0.0
tight_bounds,31.0,0,0.0
tight_bounds,31.5,0,0.0
tight_bounds,32.0,0,0.0
tight_bounds,32.5,0,0.0
tight_bounds,33.0,0,0.0
tight_bounds,33.5,0,0.0
tight_bounds,34.0,0,0.0
tight_bounds,34.5,0,0.0
tight_bounds,35.0,0,0.0
tight_bounds,35.5,0,0.0
tight_bounds,36.0,0,0.0
tight_bounds,36.5,0,0.0
tight_bounds,37.0,0,0.0
tight_bounds,37.5,0,0.0
tight_bounds,38.0,0,0.0
tight_bounds,38.5,0,0.0
tight_bounds,39.0,0,0.0
tight_bounds,39.5,0,0.0
tight_bounds,40.0,0,0.0
tight_bounds,40.5,0,0.0
tight_bounds,41.0,0,0.0
tight_bounds,41.5,0,0.0
tight_bounds,42.0,0,0.0
tight_bounds,42.5,0,0.0
tight_bounds,43.0,0,0.0
tight_bounds,43.5,0,0.0
tight_bounds,44.0,0,0.0
tight_bounds,44.5,0,0.0
tight_bounds,45.0,0,0.0
tight_bounds,45.5,0,0.0
tight_bounds,46.0,0,0.0
tight_bounds,46.5,0,0.0
tight_bounds,47.0,0,0.0
tight_bounds,47.5,0,0.0
tight_bounds,48.0,0,0.0
tight_bounds,48.5,0,0.0
tight_bounds,49.0,0,0.0
tight_bounds,49.5,0,0.0
tight_bounds,50.0,0,0.0
tight_bounds,50.5,0,0.0
tight_bounds,51.0,0,0.0
tight_bounds,51.5,0,0.0
tight_bounds,52.0,0,0.0
tight_bounds,52.5,0,0.0
tight_bounds,53.0,0,0.0
tight_bounds,53.5,0,0.0
tight_bounds,54.0,0,0.0
tight_bounds,54.5,0,0.0
tight_bounds,55.0,0,0.0
tight_bounds,55.5,0,0.0
tight_bounds,56.0,0,0.0
tight_bounds,56.5,0,0.0
tight_bounds,57.0,0,0.0
tight_bounds,57.5,0,0.0
tight_bounds,58.0,0,0.0
tight_bounds,58.5,0,0.0
tight_bounds,59.0,0,0.0
tight_bounds,59.5,0,0.0
tight_bounds,60.0,0,0.0
tight_bounds,60.5,0,0.0
tight_bounds,61.0,0,0.0
tight_bounds,61.5,0,0.0
tight_bounds,62.0,0,0.0
tight_bounds,62.5,0,0.0
tight_bounds,63.0,0,0.0
tight_bounds,63.5,0,0.0
tight_bounds,64.0,0,0.0
tight_bounds,64.5,0,0.0
tight_bounds,65.0,0,0.0
tight_bounds,65.5,0,0.0
tight_bounds,66.0,0,0.0
tight_bounds,66.5,0,0.0
tight_bounds,67.0,0,0.0
tight_bounds,67.5,0,0.0
tight_bounds,68.0,0,0.0
tight_bounds,68.5,0,0.0
tight_bounds,69.0,0,0.0
tight_bounds,69.5,0,0.0
tight_bounds,70.0,0,0.0
tight_bounds,70.5,0,0.0
tight_bounds,71.0,0,0.0
tight_bounds,71.5,0,0.0
tight_bounds,72.0,0,0.0
tight_bounds,72.5,0,0.0
tight_bounds,73.0,2,0.1111111111111111
tight_bounds,73.5,3,0.16666666666666669
tight_bounds,74.0,7,0.3888888888888889
tight_bounds,74.5,11,0.6111111111111112
tight_bounds,75.0,16,0.8888888888888888
tight_bounds,75.5,23,1.277777777777778
tight_bounds,76.0,31,1.7222222222222223
tight_bounds,76.5,43,2.388888888888889
tight_bounds,77.0,49,2.722222222222222
tight_bounds,77.5,69,3.833333333333333
tight_bounds,78.0,88,4.888888888888889
tight_bounds,78.5,108,6.0
tight_bounds,79.0,131,7.277777777777778
tight_bounds,79.5,170,9.444444444444445
tight_bounds,80.0,202,11.222222222222221
tight_bounds,80.5,240,13.333333333333334
tight_bounds,81.0,297,16.5
tight_bounds,81.5,355,19.72222222222222
tight_bounds,82.0,432,24.0
tight_bounds,82.5,496,27.555555555555557
tight_bounds,83.0,564,31.333333333333336
tight_bounds,83.5,614,34.11111111111111
tight_bounds,84.0,718,39.88888888888889
tight_bounds,84.5,796,44.22222222222222
tight_bounds,85.0,870,48.333333333333336
tight_bounds,85.5,959,53.27777777777778
tight_bounds,86.0,1045,58.05555555555556
tight_bounds,86.5,1135,63.05555555555556
tight_bounds,87.0,1208,67.11111111111111
tight_bounds,87.5,1284,71.33333333333334
tight_bounds,88.0,1356,75.33333333333333
tight_bounds,88.5,1433,79.61111111111111
tight_bounds,89.0,1495,83.05555555555556
tight_bounds,89.5,1538,85.44444444444444
tight_bounds,90.0,1578,87.66666666666667
tight_bounds,90.5,1609,89.38888888888889
tight_bounds,91.0,1639,91.05555555555556
tight_bounds,91.5,1663,92.38888888888889
tight_bounds,92.0,1686,93.66666666666667
tight_bounds,92.5,1703,94.61111111111111
tight_bounds,93.0,1722,95.66666666666667
tight_bounds,93.5,1733,96.27777777777777
tight_bounds,94.0,1753,97.38888888888889
tight_bounds,94.5,1770,98.33333333333333
tight_bounds,95.0,1785,99.16666666666667
tight_bounds,95.5,1794,99.66666666666667
tight_bounds,96.0,1798,99.8888888888889
tight_bounds,96.5,1799,99.94444444444444
tight_bounds,97.0,1800,100.0
tight_bounds,97.5,1800,100.0
tight_bounds,98.0,1800,100.0
tight_bounds,98.5,1800,100.0
tight_bounds,99.0,1800,100.0
tight_bounds,99.5,1800,100.0
tight_bounds,100.0,1800,100.0
all_features,0.0,0,0.0
all_features,0.5,0,0.0
all_features,1.0,0,0.0
all_features,1.5,0,0.0
all_features,2.0,0,0.0
all_features,2.5,0,0.0
all_features,3.0,0,0.0
all_features,3.5,0,0.0
all_features,4.0,0,0.0
all_features,4.5,0,0.0
all_features,5.0,0,0.0
all_features,5.5,0,0.0
all_features,6.0,0,0.0
all_features,6.5,0,0.0
all_features,7.0,0,0.0
all_features,7.5,0,0.0
all_features,8.0,0,0.0
all_features,8.5,0,0.0
all_features,9.0,0,0.0
all_features,9.5,0,0.0
all_features,10.0,0,0.0
all_features,10.5,0,0.0
all_features,11.0,0,0.0
all_features,11.5,0,0.0
all_features,12.0,0,0.0
all_features,12.5,0,0.0
all_features,13.0,0,0.0
all_features,13.5,0,0.0
all_features,14.0,0,0.0
all_features,14.5,0,0.0
all_features,15.0,0,0.0
all_features,15.5,0,0.0
all_features,16.0,0,0.0
all_features,16.5,0,0.0
all_features,17.0,0,0.0
all_features,17.5,0,0.0
all_features,18.0,0,0.0
all_features,18.5,0,0.0
all_features,19.0,0,0.0
all_features,19.5,0,0.0
all_features,20.0,0,0.0
all_features,20.5,0,0.0
all_features,21.0,0,0.0
all_features,21.5,0,0.0
all_features,22.0,0,0.0
all_features,22.5,0,0.0
all_features,23.0,0,0.0
all_features,23.5,0,0.0
all_features,24.0,0,0.0
all_features,24.5,0,0.0
all_features,25.0,0,0.0
all_features,25.5,0,0.0
all_features,26.0,0,0.0
all_features,26.5,0,0.0
all_features,27.0,0,0.0
all_features,27.5,0,0.0
all_features,28.0,0,0.0
all_features,28.5,0,0.0
all_features,29.0,0,0.0
all_features,29.5,0,0.0
all_features,30.0,0,0.0
all_features,30.5,0,0.0
all_features,31.0,0,0.0
all_features,31.5,0,0.0
all_features,32.0,0,0.0
all_features,32.5,0,0.0
all_features,33.0,0,0.0
all_features,33.5,0,0.0
all_features,34.0,0,0.0
all_features,34.5,0,0.0
all_features,35.0,0,0.0
all_features,35.5,0,0.0
all_features,36.0,0,0.0
all_features,36.5,0,0.0
all_features,37.0,0,0.0
all_features,37.5,0,0.0
all_features,38.0,1,0.05555555555555555
all_features,38.5,1,0.05555555555555555
all_features,39.0,1,0.05555555555555555
all_features,39.5,1,0.05555555555555555
all_features,40.0,1,0.05555555555555555
all_features,40.5,1,0.05555555555555555
all_features,41.0,1,0.05555555555555555
all_features,41.5,1,0.05555555555555555
all_features,42.0,1,0.05555555555555555
all_features,42.5,1,0.05555555555555555
all_features,43.0,1,0.05555555555555555
all_features,43.5,1,0.05555555555555555
all_features,44.0,1,0.05555555555555555
all_features,44.5,1,0.05555555555555555
all_features,45.0,1,0.05555555555555555
all_features,45.5,2,0.1111111111111111
all_features,46.0,2,0.1111111111111111
all_features,46.5,2,0.1111111111111111
all_features,47.0,3,0.16666666666666669
all_features,47.5,3,0.16666666666666669
all_features,48.0,3,0.16666666666666669
all_features,48.5,4,0.2222222222222222
all_features,49.0,4,0.2222222222222222
all_features,49.5,4,0.2222222222222222
all_features,50.0,4,0.2222222222222222
all_features,50.5,4,0.2222222222222222
all_features,51.0,4,0.2222222222222222
all_features,51.5,4,0.2222222222222222
all_features,52.0,4,0.2222222222222222
all_features,52.5,5,0.2777777777777778
all_features,53.0,5,0.2777777777777778
all_features,53.5,5,0.2777777777777778
all_features,54.0,5,0.2777777777777778
all_features,54.5,5,0.2777777777777778
all_features,55.0,5,0.2777777777777778
all_features,55.5,5,0.2777777777777778
all_features,56.0,5,0.2777777777777778
all_features,56.5,5,0.2777777777777778
all_features,57.0,5,0.2777777777777778
all_features,57.5,5,0.2777777777777778
all_features,58.0,6,0.33333333333333337
all_features,58.5,6,0.33333333333333337
all_features,59.0,6,0.33333333333333337
all_features,59.5,6,0.33333333333333337
all_features,60.0,6,0.33333333333333337
all_features,60.5,6,0.33333333333333337
all_features,61.0,7,0.3888888888888889
all_features,61.5,7,0.3888888888888889
all_features,62.0,8,0.4444444444444444
all_features,62.5,8,0.4444444444444444
all_features,63.0,8,0.4444444444444444
all_features,63.5,9,0.5
all_features,64.0,9,0.5
all_features,64.5,9,0.5
all_features,65.0,9,0.5
all_features,65.5,9,0.5
all_features,66.0,10,0.5555555555555556
all_features,66.5,11,0.6111111111111112
all_features,67.0,11,0.6111111111111112
all_features,67.5,11,0.6111111111111112
all_features,68.0,11,0.6111111111111112
all_features,68.5,11,0.6111111111111112
all_features,69.0,11,0.6111111111111112
all_features,69.5,11,0.6111111111111112
all_features,70.0,11,0.6111111111111112
all_features,70.5,11,0.6111111111111112
all_features,71.0,13,0.7222222222222222
all_features,71.5,15,0.8333333333333334
all_features,72.0,15,0.8333333333333334
all_features,72.5,15,0.8333333333333334
all_features,73.0,16,0.8888888888888888
all_features,73.5,18,1.0
all_features,74.0,22,1.2222222222222223
all_features,74.5,25,1.3888888888888888
all_features,75.0,26,1.4444444444444444
all_features,75.5,32,1.7777777777777777
all_features,76.0,39,2.166666666666667
all_features,76.5,49,2.722222222222222
all_features,77.0,60,3.3333333333333335
all_features,77.5,75,4.166666666666666
all_features,78.0,88,4.888888888888889
all_features,78.5,116,6.444444444444445
all_features,79.0,135,7.5
all_features,79.5,164,9.11111111111111
all_features,80.0,202,11.222222222222221
all_features,80.5,247,13.722222222222221
all_features,81.0,285,15.833333333333332
all_features,81.5,350,19.444444444444446
all_features,82.0,418,23.22222222222222
all_features,82.5,493,27.38888888888889
all_features,83.0,548,30.444444444444446
all_features,83.5,613,34.05555555555556
all_features,84.0,703,39.05555555555556
all_features,84.5,777,43.166666666666664
all_features,85.0,864,48.0
all_features,85.5,955,53.05555555555556
all_features,86.0,1040,57.77777777777777
all_features,86.5,1119,62.16666666666667
all_features,87.0,1204,66.88888888888889
all_features,87.5,1279,71.05555555555556
all_features,88.0,1357,75.3888888888889
all_features,88.5,1431,79.5
all_features,89.0,1490,82.77777777777777
all_features,89.5,1540,85.55555555555556
all_features,90.0,1581,87.83333333333333
all_features,90.5,1605,89.16666666666667
all_features,91.0,1633,90.72222222222223
all_features,91.5,1654,91.88888888888889
all_features,92.0,1671,92.83333333333333
all_features,92.5,1693,94.05555555555556
all_features,93.0,1709,94.94444444444444
all_features,93.5,1731,96.16666666666667
all_features,94.0,1747,97.05555555555556
all_features,94.5,1767,98.16666666666667
all_features,95.0,1783,99.05555555555556
all_features,95.5,1792,99.55555555555556
all_features,96.0,1798,99.8888888888889
all_features,96.5,1799,99.94444444444444
all_features,97.0,1800,100.0
all_features,97.5,1800,100.0
all_features,98.0,1800,100.0
all_features,98.5,1800,100.0
all_features,99.0,1800,100.0
all_features,99.5,1800,100.0
all_features,100.0,1800,100.0
october_run,0.0,0,0.0
october_run,0.5,0,0.0
october_run,1.0,257,14.277777777777779
october_run,1.5,588,32.666666666666664
october_run,2.0,600,33.33333333333333
october_run,2.5,600,33.33333333333333
october_run,3.0,600,33.33333333333333
october_run,3.5,600,33.33333333333333
october_run,4.0,600,33.33333333333333
october_run,4.5,600,33.33333333333333
october_run,5.0,600,33.33333333333333
october_run,5.5,600,33.33333333333333
october_run,6.0,600,33.33333333333333
october_run,6.5,648,36.0
october_run,7.0,672,37.333333333333336
october_run,7.5,744,41.333333333333336
october_run,8.0,856,47.55555555555556
october_run,8.5,977,54.27777777777778
october_run,9.0,1054,58.55555555555556
october_run,9.5,1109,61.611111111111114
october_run,10.0,1174,65.22222222222223
october_run,10.5,1196,66.44444444444444
october_run,11.0,1206,67.0
october_run,11.5,1218,67.66666666666666
october_run,12.0,1238,68.77777777777779
october_run,12.5,1258,69.88888888888889
october_run,13.0,1345,74.72222222222223
october_run,13.5,1399,77.72222222222223
october_run,14.0,1499,83.27777777777777
october_run,14.5,1548,86.0
october_run,15.0,1632,90.66666666666666
october_run,15.5,1715,95.27777777777777
october_run,16.0,1768,98.22222222222223
october_run,16.5,1776,98.66666666666667
october_run,17.0,1788,99.33333333333333
october_run,17.5,1788,99.33333333333333
october_run,18.0,1790,99.44444444444444
october_run,18.5,1790,99.44444444444444
october_run,19.0,1790,99.44444444444444
october_run,19.5,1790,99.44444444444444
october_run,20.0,1790,99.44444444444444
october_run,20.5,1790,99.44444444444444
october_run,21.0,1790,99.44444444444444
october_run,21.5,1790,99.44444444444444
october_run,22.0,1790,99.44444444444444
october_run,22.5,1790,99.44444444444444
october_run,23.0,1790,99.44444444444444
october_run,23.5,1790,99.44444444444444
october_run,24.0,1790,99.44444444444444
october_run,24.5,1790,99.44444444444444
october_run,25.0,1790,99.44444444444444
october_run,25.5,1790,99.44444444444444
october_run,26.0,1790,99.44444444444444
october_run,26.5,1790,99.44444444444444
october_run,27.0,1790,99.44444444444444
october_run,27.5,1790,99.44444444444444
october_run,28.0,1790,99.44444444444444
october_run,28.5,1790,99.44444444444444
october_run,29.0,1790,99.44444444444444
october_run,29.5,1790,99.44444444444444
october_run,30.0,1790,99.44444444444444
october_run,30.5,1790,99.44444444444444
october_run,31.0,1790,99.44444444444444
october_run,31.5,1790,99.44444444444444
october_run,32.0,1790,99.44444444444444
october_run,32.5,1790,99.44444444444444
october_run,33.0,1790,99.44444444444444
october_run,33.5,1790,99.44444444444444
october_run,34.0,1790,99.44444444444444
october_run,34.5,1790,99.44444444444444
october_run,35.0,1790,99.44444444444444
october_run,35.5,1790,99.44444444444444
october_run,36.0,1790,99.44444444444444
october_run,36.5,1790,99.44444444444444
october_run,37.0,1790,99.44444444444444
october_run,37.5,1790,99.44444444444444
october_run,38.0,1790,99.44444444444444
october_run,38.5,1790,99.44444444444444
october_run,39.0,1790,99.44444444444444
october_run,39.5,1790,99.44444444444444
october_run,40.0,1790,99.44444444444444
october_run,40.5,1790,99.44444444444444
october_run,41.0,1790,99.44444444444444
october_run,41.5,1790,99.44444444444444
october_run,42.0,1790,99.44444444444444
october_run,42.5,1790,99.44444444444444
october_run,43.0,1790,99.44444444444444
october_run,43.5,1790,99.44444444444444
october_run,44.0,1790,99.44444444444444
october_run,44.5,1790,99.44444444444444
october_run,45.0,1790,99.44444444444444
october_run,45.5,1790,99.44444444444444
october_run,46.0,1790,99.44444444444444
october_run,46.5,1790,99.44444444444444
october_run,47.0,1790,99.44444444444444
october_run,47.5,1790,99.44444444444444
october_run,48.0,1790,99.44444444444444
october_run,48.5,1790,99.44444444444444
october_run,49.0,1790,99.44444444444444
october_run,49.5,1790,99.44444444444444
october_run,50.0,1790,99.44444444444444
october_run,50.5,1790,99.44444444444444
october_run,51.0,1790,99.44444444444444
october_run,51.5,1790,99.44444444444444
october_run,52.0,1790,99.44444444444444
october_run,52.5,1790,99.44444444444444
october_run,53.0,1790,99.44444444444444
october_run,53.5,1790,99.44444444444444
october_run,54.0,1790,99.44444444444444
october_run,54.5,1790,99.44444444444444
october_run,55.0,1790,99.44444444444444
october_run,55.5,1790,99.44444444444444
october_run,56.0,1790,99.44444444444444
october_run,56.5,1790,99.44444444444444
october_run,57.0,1790,99.44444444444444
october_run,57.5,1790,99.44444444444444
october_run,58.0,1790,99.44444444444444
october_run,58.5,1790,99.44444444444444
october_run,59.0,1790,99.44444444444444
october_run,59.5,1790,99.44444444444444
october_run,60.0,1790,99.44444444444444
october_run,60.5,1790,99.44444444444444
october_run,61.0,1790,99.44444444444444
october_run,61.5,1790,99.44444444444444
october_run,62.0,1790,99.44444444444444
october_run,62.5,1790,99.44444444444444
october_run,63.0,1790,99.44444444444444
october_run,63.5,1790,99.44444444444444
october_run,64.0,1790,99.44444444444444
october_run,64.5,1790,99.44444444444444
october_run,65.0,1790,99.44444444444444
october_run,65.5,1790,99.44444444444444
october_run,66.0,1790,99.44444444444444
october_run,66.5,1790,99.44444444444444
october_run,67.0,1790,99.44444444444444
october_run,67.5,1790,99.44444444444444
october_run,68.0,1790,99.44444444444444
october_run,68.5,1790,99.44444444444444
october_run,69.0,1790,99.44444444444444
october_run,69.5,1790,99.44444444444444
october_run,70.0,1790,99.44444444444444
october_run,70.5,1790,99.44444444444444
october_run,71.0,1790,99.44444444444444
october_run,71.5,1790,99.44444444444444
october_run,72.0,1790,99.44444444444444
october_run,72.5,1790,99.44444444444444
october_run,73.0,1790,99.44444444444444
october_run,73.5,1790,99.44444444444444
october_run,74.0,1790,99.44444444444444
october_run,74.5,1790,99.44444444444444
october_run,75.0,1790,99.44444444444444
october_run,75.5,1790,99.44444444444444
october_run,76.0,1790,99.44444444444444
october_run,76.5,1790,99.44444444444444
october_run,77.0,1790,99.44444444444444
october_run,77.5,1790,99.44444444444444
october_run,78.0,1790,99.44444444444444
october_run,78.5,1790,99.44444444444444
october_run,79.0,1790,99.44444444444444
october_run,79.5,1790,99.44444444444444
october_run,80.0,1790,99.44444444444444
october_run,80.5,1790,99.44444444444444
october_run,81.0,1790,99.44444444444444
october_run,81.5,1790,99.44444444444444
october_run,82.0,1790,99.44444444444444
october_run,82.5,1790,99.44444444444444
october_run,83.0,1790,99.44444444444444
october_run,83.5,1790,99.44444444444444
october_run,84.0,1790,99.44444444444444
october_run,84.5,1790,99.44444444444444
october_run,85.0,1790,99.44444444444444
october_run,85.5,1790,99.44444444444444
october_run,86.0,1790,99.44444444444444
october_run,86.5,1790,99.44444444444444
october_run,87.0,1790,99.44444444444444
october_run,87.5,1790,99.44444444444444
october_run,88.0,1790,99.44444444444444
october_run,88.5,1790,99.44444444444444
october_run,89.0,1790,99.44444444444444
october_run,89.5,1790,99.44444444444444
october_run,90.0,1790,99.44444444444444
october_run,90.5,1790,99.44444444444444
october_run,91.0,1790,99.44444444444444
october_run,91.5,1790,99.44444444444444
october_run,92.0,1790,99.44444444444444
october_run,92.5,1790,99.44444444444444
october_run,93.0,1790,99.44444444444444
october_run,93.5,1790,99.44444444444444
october_run,94.0,1790,99.44444444444444
october_run,94.5,1790,99.44444444444444
october_run,95.0,1790,99.44444444444444
october_run,95.5,1790,99.44444444444444
october_run,96.0,1790,99.44444444444444
october_run,96.5,1790,99.44444444444444
october_run,97.0,1790,99.44444444444444
october_run,97.5,1790,99.44444444444444
october_run,98.0,1790,99.44444444444444
october_run,98.5,1790,99.44444444444444
october_run,99.0,1790,99.44444444444444
october_run,99.5,1800,100.0
october_run,100.0,1800,100.0
