scenario_id,bin_lower,bin_upper,bin_center,count,frequency_pct
baseline,0.0,2.0,1.0,0,0.0
baseline,2.0,4.0,3.0,0,0.0
baseline,4.0,6.0,5.0,0,0.0
baseline,6.0,8.0,7.0,0,0.0
baseline,8.0,10.0,9.0,0,0.0
baseline,10.0,12.0,11.0,0,0.0
baseline,12.0,14.0,13.0,0,0.0
baseline,14.0,16.0,15.0,0,0.0
baseline,16.0,18.0,17.0,0,0.0
baseline,18.0,20.0,19.0,0,0.0
baseline,20.0,22.0,21.0,0,0.0
baseline,22.0,24.0,23.0,0,0.0
baseline,24.0,26.0,25.0,0,0.0
baseline,26.0,28.0,27.0,0,0.0
baseline,28.0,30.0,29.0,0,0.0
baseline,30.0,32.0,31.0,0,0.0
baseline,32.0,34.0,33.0,0,0.0
baseline,34.0,36.0,35.0,0,0.0
baseline,36.0,38.0,37.0,0,0.0
baseline,38.0,40.0,39.0,0,0.0
baseline,40.0,42.0,41.0,0,0.0
baseline,42.0,44.0,43.0,0,0.0
baseline,44.0,46.0,45.0,0,0.0
baseline,46.0,48.0,47.0,0,0.0
baseline,48.0,50.0,49.0,0,0.0
baseline,50.0,52.0,51.0,0,0.0
baseline,52.0,54.0,53.0,0,0.0
baseline,54.0,56.0,55.0,0,0.0
baseline,56.0,58.0,57.0,0,0.0
baseline,58.0,60.0,59.0,0,0.0
baseline,60.0,62.0,61.0,0,0.0
baseline,62.0,64.0,63.0,0,0.0
baseline,64.0,66.0,65.0,0,0.0
baseline,66.0,68.0,67.0,0,0.0
baseline,68.0,70.0,69.0,0,0.0
baseline,70.0,72.0,71.0,0,0.0
baseline,72.0,74.0,73.0,0,0.0
baseline,74.0,76.0,75.0,3,0.16666666666666669
baseline,76.0,78.0,77.0,3,0.16666666666666669
baseline,78.0,80.0,79.0,17,0.9444444444444444
baseline,80.0,82.0,81.0,62,3.4444444444444446
baseline,82.0,84.0,83.0,55,3.0555555555555554
baseline,84.0,86.0,85.0,62,3.4444444444444446
baseline,86.0,88.0,87.0,81,4.5
baseline,88.0,90.0,89.0,48,2.666666666666667
baseline,90.0,92.0,91.0,26,1.4444444444444444
baseline,92.0,94.0,93.0,31,1.7222222222222223
baseline,94.0,96.0,95.0,29,1.6111111111111112
baseline,96.0,98.0,97.0,1,0.05555555555555555
baseline,98.0,100.0,99.0,1382,76.77777777777777
tight_bounds,0.0,2.0,1.0,0,0.0
tight_bounds,2.0,4.0,3.0,0,0.0
tight_bounds,4.0,6.0,5.0,0,0.0
tight_bounds,6.0,8.0,7.0,0,0.0
tight_bounds,8.0,10.0,9.0,0,0.0
tight_bounds,10.0,12.0,11.0,0,0.0
tight_bounds,12.0,14.0,13.0,0,0.0
tight_bounds,14.0,16.0,15.0,0,0.0
tight_bounds,16.0,18.0,17.0,0,0.0
tight_bounds,18.0,20.0,19.0,0,0.0
tight_bounds,20.0,22.0,21.0,0,0.0
tight_bounds,22.0,24.0,23.0,0,0.0
tight_bounds,24.0,26.0,25.0,0,0.0
tight_bounds,26.0,28.0,27.0,0,0.0
tight_bounds,28.0,30.0,29.0,0,0.0
tight_bounds,30.0,32.0,31.0,0,0.0
tight_bounds,32.0,34.0,33.0,0,0.0
tight_bounds,34.0,36.0,35.0,0,0.0
tight_bounds,36.0,38.0,37.0,0,0.0
tight_bounds,38.0,40.0,39.0,0,0.0
tight_bounds,40.0,42.0,41.0,0,0.0
tight_bounds,42.0,44.0,43.0,0,0.0
tight_bounds,44.0,46.0,45.0,0,0.0
tight_bounds,46.0,48.0,47.0,0,0.0
tight_bounds,48.0,50.0,49.0,0,0.0
tight_bounds,50.0,52.0,51.0,0,0.0
tight_bounds,52.0,54.0,53.0,0,0.0
tight_bounds,54.0,56.0,55.0,0,0.0
tight_bounds,56.0,58.0,57.0,0,0.0
tight_bounds,58.0,60.0,59.0,0,0.0
tight_bounds,60.0,62.0,61.0,0,0.0
tight_bounds,62.0,64.0,63.0,0,0.0
tight_bounds,64.0,66.0,65.0,0,0.0
tight_bounds,66.0,68.0,67.0,0,0.0
tight_bounds,68.0,70.0,69.0,0,0.0
tight_bounds,70.0,72.0,71.0,0,0.0
tight_bounds,72.0,74.0,73.0,7,0.3888888888888889
tight_bounds,74.0,76.0,75.0,24,1.3333333333333335
tight_bounds,76.0,78.0,77.0,57,3.166666666666667
tight_bounds,78.0,80.0,79.0,114,6.333333333333334
tight_bounds,80.0,82.0,81.0,230,12.777777777777777
tight_bounds,82.0,84.0,83.0,286,15.88888888888889
tight_bounds,84.0,86.0,85.0,327,18.166666666666668
tight_bounds,86.0,88.0,87.0,311,17.27777777777778
tight_bounds,88.0,90.0,89.0,222,12.333333333333334
tight_bounds,90.0,92.0,91.0,108,6.0
tight_bounds,92.0,94.0,93.0,67,3.722222222222222
tight_bounds,94.0,96.0,95.0,45,2.5
tight_bounds,96.0,98.0,97.0,2,0.1111111111111111
tight_bounds,98.0,100.0,99.0,0,0.0
all_features,0.0,2.0,1.0,0,0.0
all_features,2.0,4.0,3.0,0,0.0
all_features,4.0,6.0,5.0,0,0.0
all_features,6.0,8.0,7.0,0,0.0
all_features,8.0,10.0,9.0,0,0.0
all_features,10.0,12.0,11.0,0,0.0
all_features,12.0,14.0,13.0,0,0.0
all_features,14.0,16.0,15.0,0,0.0
all_features,16.0,18.0,17.0,0,0.0
all_features,18.0,20.0,19.0,0,0.0
all_features,20.0,22.0,21.0,0,0.0
all_features,22.0,24.0,23.0,0,0.0
all_features,24.0,26.0,25.0,0,0.0
all_features,26.0,28.0,27.0,0,0.0
all_features,28.0,30.0,29.0,0,0.0
all_features,30.0,32.0,31.0,0,0.0
all_features,32.0,34.0,33.0,0,0.0
all_features,34.0,36.0,35.0,0,0.0
all_features,36.0,38.0,37.0,1,0.05555555555555555
all_features,38.0,40.0,39.0,0,0.0
all_features,40.0,42.0,41.0,0,0.0
all_features,42.0,44.0,43.0,0,0.0
all_features,44.0,46.0,45.0,1,0.05555555555555555
all_features,46.0,48.0,47.0,1,0.05555555555555555
all_features,48.0,50.0,49.0,1,0.05555555555555555
all_features,50.0,52.0,51.0,0,0.0
all_features,52.0,54.0,53.0,1,0.05555555555555555
all_features,54.0,56.0,55.0,0,0.0
all_features,56.0,58.0,57.0,1,0.05555555555555555
all_features,58.0,60.0,59.0,0,0.0
all_features,60.0,62.0,61.0,2,0.1111111111111111
all_features,62.0,64.0,63.0,1,0.05555555555555555
all_features,64.0,66.0,65.0,1,0.05555555555555555
all_features,66.0,68.0,67.0,1,0.05555555555555555
all_features,68.0,70.0,69.0,0,0.0
all_features,70.0,72.0,71.0,4,0.2222222222222222
all_features,72.0,74.0,73.0,7,0.3888888888888889
all_features,74.0,76.0,75.0,17,0.9444444444444444
all_features,76.0,78.0,77.0,49,2.722222222222222
all_features,78.0,80.0,79.0,114,6.333333333333334
all_features,80.0,82.0,81.0,216,12.0
all_features,82.0,84.0,83.0,285,15.833333333333332
all_features,84.0,86.0,85.0,337,18.722222222222225
all_features,86.0,88.0,87.0,317,17.61111111111111
all_features,88.0,90.0,89.0,224,12.444444444444445
all_features,90.0,92.0,91.0,90,5.0
all_features,92.0,94.0,93.0,76,4.222222222222222
all_features,94.0,96.0,95.0,51,2.833333333333333
all_features,96.0,98.0,97.0,2,0.1111111111111111
all_features,98.0,100.0,99.0,0,0.0
october_run,0.0,2.0,1.0,600,33.33333333333333
october_run,2.0,4.0,3.0,0,0.0
october_run,4.0,6.0,5.0,0,0.0
october_run,6.0,8.0,7.0,256,14.222222222222221
october_run,8.0,10.0,9.0,318,17.666666666666668
october_run,10.0,12.0,11.0,64,3.5555555555555554
october_run,12.0,14.0,13.0,261,14.499999999999998
october_run,14.0,16.0,15.0,269,14.944444444444443
october_run,16.0,18.0,17.0,22,1.2222222222222223
october_run,18.0,20.0,19.0,0,0.0
october_run,20.0,22.0,21.0,0,0.0
october_run,22.0,24.0,23.0,0,0.0
october_run,24.0,26.0,25.0,0,0.0
october_run,26.0,28.0,27.0,0,0.0
october_run,28.0,30.0,29.0,0,0.0
october_run,30.0,32.0,31.0,0,0.0
october_run,32.0,34.0,33.0,0,0.0
october_run,34.0,36.0,35.0,0,0.0
october_run,36.0,38.0,37.0,0,0.0
october_run,38.0,40.0,39.0,0,0.0
october_run,40.0,42.0,41.0,0,0.0
october_run,42.0,44.0,43.0,0,0.0
october_run,44.0,46.0,45.0,0,0.0
october_run,46.0,48.0,47.0,0,0.0
october_run,48.0,50.0,49.0,0,0.0
october_run,50.0,52.0,51.0,0,0.0
october_run,52.0,54.0,53.0,0,0.0
october_run,54.0,56.0,55.0,0,0.0
october_run,56.0,58.0,57.0,0,0.0
october_run,58.0,60.0,59.0,0,0.0
october_run,60.0,62.0,61.0,0,0.0
october_run,62.0,64.0,63.0,0,0.0
october_run,64.0,66.0,65.0,0,0.0
october_run,66.0,68.0,67.0,0,0.0
october_run,68.0,70.0,69.0,0,0.0
october_run,70.0,72.0,71.0,0,0.0
october_run,72.0,74.0,73.0,0,0.0
october_run,74.0,76.0,75.0,0,0.0
october_run,76.0,78.0,77.0,0,0.0
october_run,78.0,80.0,79.0,0,0.0
october_run,80.0,82.0,81.0,0,0.0
october_run,82.0,84.0,83.0,0,0.0
october_run,84.0,86.0,85.0,0,0.0
october_run,86.0,88.0,87.0,0,0.0
october_run,88.0,90.0,89.0,0,0.0
october_run,90.0,92.0,91.0,0,0.0
october_run,92.0,94.0,93.0,0,0.0
october_run,94.0,96.0,95.0,0,0.0
october_run,96.0,98.0,97.0,0,0.0
october_run,98.0,100.0,99.0,10,0.5555555555555556
