scenario_id,configuration,weight,n,mean,q25,median,q75,q90,min,max
baseline,"Baseline; modelo inicial do artigo, sem alterações",w_1,300,98.75810098520395,99.99999998149814,99.99999998692702,99.99999999861728,99.99999999871537,78.45026790203487,99.99999999888738
baseline,"Baseline; modelo inicial do artigo, sem alterações",w_2,300,94.99001182552296,86.90811985012346,99.99999998861654,99.99999999848086,99.99999999857982,77.74706706212808,99.9999999988022
baseline,"Baseline; modelo inicial do artigo, sem alterações",w_3,300,98.2278285771907,95.68982996375276,99.99999999194573,99.99999999863316,99.99999999871535,86.21121425011347,99.99999999885611
baseline,"Baseline; modelo inicial do artigo, sem alterações",w_4,300,96.35299563207329,99.99999998350336,99.99999998568609,99.9999999984332,99.9999999985502,75.28922444825355,99.99999999875912
baseline,"Baseline; modelo inicial do artigo, sem alterações",w_5,300,95.47813631591569,88.11151233916829,99.99999998698345,99.99999999846861,99.99999999855521,74.46378879812146,99.99999999877097
baseline,"Baseline; modelo inicial do artigo, sem alterações",w_6,300,97.03883796569944,99.99999998637958,99.99999998811167,99.99999999869432,99.99999999877805,75.51101995880806,99.99999999897997
tight_bounds,Bounds apertados; sem outras features,w_1,300,86.02940444563923,84.26493655561968,86.3545650513131,88.14930178862707,89.22587268559457,75.86868522662616,91.94926864896499
tight_bounds,Bounds apertados; sem outras features,w_2,300,82.74788791319304,80.47241698496448,82.86564839147405,85.55761087297022,87.46458687375116,72.62883489529041,91.06038366394156
tight_bounds,Bounds apertados; sem outras features,w_3,300,90.7623264726576,88.55172561304923,90.95855721387015,93.21103934003249,94.46879146352752,82.81067559097906,96.55807965937538
tight_bounds,Bounds apertados; sem outras features,w_4,300,83.20125745191324,81.1346898935797,83.49533350608965,85.45854764274216,87.20801979285397,73.67662627695961,90.57118429790366
tight_bounds,Bounds apertados; sem outras features,w_5,300,82.8927667463728,80.75762018288142,82.8461003698281,85.2869653956715,87.48048915959434,73.25205208655113,90.91094940104982
tight_bounds,Bounds apertados; sem outras features,w_6,300,85.14992302485028,83.12871198214357,85.54851085629923,87.44222751880437,88.84343770670145,75.1285658941309,92.12929154327854
all_features,Todas as features + bounds apertados,w_1,300,85.37075365386863,84.12954811004839,86.19227199351195,88.02344911746978,89.26827458565074,37.89726749400558,91.94827339915257
all_features,Todas as features + bounds apertados,w_2,300,82.97069514654021,80.61336736192723,82.95445602097573,85.62798187337287,87.69304581409347,71.04389422974504,91.8729430908576
all_features,Todas as features + bounds apertados,w_3,300,90.82664343145274,88.39513674061294,91.19570067650164,93.41300141926462,94.55960765380411,81.13994248783267,96.60741133682112
all_features,Todas as features + bounds apertados,w_4,300,83.09037873673617,81.20513491966786,83.48043160590444,85.46452100073026,87.11648396256096,63.32486164302591,90.55482559902413
all_features,Todas as features + bounds apertados,w_5,300,82.7113798716598,80.63567526826961,82.97050152653952,85.63487929194648,87.75223782123737,52.03594290672444,91.81984027112291
all_features,Todas as features + bounds apertados,w_6,300,85.25903116459527,83.4103192553314,85.58617076515802,87.43441233949953,88.87714233245057,75.66711428171384,92.14703585425129
october_run,Monoobjetivo; execução de 05/10/2026,w_1,300,8.334612741656159,1.1240103928608,8.154449371291397,13.025426763898452,14.716907015396817,0.7479786301686248,99.37184347201173
october_run,Monoobjetivo; execução de 05/10/2026,w_2,300,8.330036137557597,1.124495062560951,8.154449371291397,13.025426763898452,14.716907015396817,0.7479786301686248,99.37184347201173
october_run,Monoobjetivo; execução de 05/10/2026,w_3,300,8.331726443277283,1.1240103928608,8.180138066521387,12.99667185032289,14.716907015396817,0.7479786301686248,99.37184347201173
october_run,Monoobjetivo; execução de 05/10/2026,w_4,300,8.33486745015258,1.122556383760347,8.154449371291397,13.025426763898452,14.716907015396817,0.7479786301686248,99.37184347201173
october_run,Monoobjetivo; execução de 05/10/2026,w_5,300,7.794067050760423,1.129873324295874,8.1530352178035,13.027843397657808,14.716907015396817,0.7479786301686248,17.7921637346702
october_run,Monoobjetivo; execução de 05/10/2026,w_6,300,8.32924819579616,1.124495062560951,8.156547740706657,13.025426763898452,14.716907015396817,0.7479786301686248,99.37184347201173
