{
    "points": [
        {
            "x": 3.0,
            "y": 3.0,
            "r": 3.0
        },
        {
            "x": 9.0,
            "y": 9.0,
            "r": 9.0
        },
        {
            "x": 3.0,
            "y": 3.0,
            "r": 3.0
        },
        {
            "x": 3.0,
            "y": 3.0,
            "r": 3.0
        },
        {
            "x": -3.0,
            "y": -3.0,
            "r": -3.0
        },
        {
            "x": 8.0,
            "y": 8.0,
            "r": 8.0
        },
        {
            "x": -4.0,
            "y": -4.0,
            "r": -4.0
        },
        {
            "x": 8.0,
            "y": 8.0,
            "r": 8.0
        },
        {
            "x": -4.0,
            "y": -4.0,
            "r": -4.0
        },
        {
            "x": 4.0,
            "y": 4.0,
            "r": 4.0
        },
        {
            "x": -1.0,
            "y": -1.0,
            "r": -1.0
        },
        {
            "x": -1.0,
            "y": -1.0,
            "r": -1.0
        },
        {
            "x": -1.0,
            "y": -1.0,
            "r": -1.0
        },
        {
            "x": -5.0,
            "y": -5.0,
            "r": -5.0
        },
        {
            "x": -3.0,
            "y": -3.0,
            "r": -3.0
        }
    ],
    "R": 11.899999999999974,
    "R_x": 2.4571428571428573,
    "R_y": 1.7714285714285714,
    "fo": 11.899999999999974
}