{
    "points": [
        {
            "x": 2.4641117309632063,
            "y": -5.57562277636104,
            "r": 1
        },
        {
            "x": 1.1966508732152188,
            "y": -4.016556515948433,
            "r": 1
        },
        {
            "x": 3.9466613091423834,
            "y": -6.9193365009274155,
            "r": 1
        },
        {
            "x": -3.0052890585913383,
            "y": -8.765510658593605,
            "r": 1
        },
        {
            "x": -2.753109393723183,
            "y": 6.965284712157369,
            "r": 1
        },
        {
            "x": -7.883116182697288,
            "y": -1.2029549635987526,
            "r": 2
        },
        {
            "x": 0.0,
            "y": 8.255324366054134,
            "r": 2
        },
        {
            "x": 0.0,
            "y": -8.288358737933558,
            "r": 2
        },
        {
            "x": -0.7007945386629503,
            "y": 4.282257595160252,
            "r": 2
        },
        {
            "x": 8.08580878400778,
            "y": 1.7503166068702176,
            "r": 2
        },
        {
            "x": 4.603629650442956,
            "y": 5.373735745515507,
            "r": 3
        },
        {
            "x": -1.2019819450177764,
            "y": -0.7131351243599025,
            "r": 3
        },
        {
            "x": -5.045117913466955,
            "y": -5.323618855268031,
            "r": 3
        },
        {
            "x": 4.669692682535379,
            "y": -1.9484551643121306,
            "r": 3
        },
        {
            "x": -6.097453289466951,
            "y": 3.496179834614135,
            "r": 3
        }
    ],
    "R": 10.334448339548238,
    "R_x": 0,
    "R_y": 0,
    "fo": 10.334448339548238,
    "gap": 0.9032362476308325
}