{
    "points": [
        {
            "x": 7.0,
            "y": 7.0,
            "r": 7.0
        },
        {
            "x": 20.0,
            "y": 20.0,
            "r": 20.0
        },
        {
            "x": 7.0,
            "y": 7.0,
            "r": 7.0
        },
        {
            "x": 4.0,
            "y": 4.0,
            "r": 4.0
        },
        {
            "x": -5.0,
            "y": -5.0,
            "r": -5.0
        },
        {
            "x": -12.0,
            "y": -12.0,
            "r": -12.0
        },
        {
            "x": 3.0,
            "y": 3.0,
            "r": 3.0
        }
    ],
    "R": 23.000000000000057,
    "R_x": 8.657142857142857,
    "R_y": 5.428571428571429,
    "fo": 23.000000000000057
}