{
    "points": [
        {
            "x": 3.0,
            "y": 3.0,
            "r": 3.0
        },
        {
            "x": 9.0,
            "y": 9.0,
            "r": 9.0
        },
        {
            "x": 3.0,
            "y": 3.0,
            "r": 3.0
        },
        {
            "x": 3.0,
            "y": 3.0,
            "r": 3.0
        },
        {
            "x": -3.0,
            "y": -3.0,
            "r": -3.0
        },
        {
            "x": 9.0,
            "y": 9.0,
            "r": 9.0
        },
        {
            "x": -3.0,
            "y": -3.0,
            "r": -3.0
        },
        {
            "x": 9.0,
            "y": 9.0,
            "r": 9.0
        },
        {
            "x": -3.0,
            "y": -3.0,
            "r": -3.0
        },
        {
            "x": 15.0,
            "y": 15.0,
            "r": 15.0
        },
        {
            "x": 2.0,
            "y": 2.0,
            "r": 2.0
        },
        {
            "x": 2.0,
            "y": 2.0,
            "r": 2.0
        },
        {
            "x": -10.0,
            "y": -10.0,
            "r": -10.0
        },
        {
            "x": 6.0,
            "y": 6.0,
            "r": 6.0
        },
        {
            "x": 6.0,
            "y": 6.0,
            "r": 6.0
        },
        {
            "x": -10.0,
            "y": -10.0,
            "r": -10.0
        },
        {
            "x": 14.0,
            "y": 14.0,
            "r": 14.0
        },
        {
            "x": -4.0,
            "y": -4.0,
            "r": -4.0
        },
        {
            "x": -10.0,
            "y": -10.0,
            "r": -10.0
        },
        {
            "x": 14.0,
            "y": 14.0,
            "r": 14.0
        },
        {
            "x": 1.0,
            "y": 1.0,
            "r": 1.0
        },
        {
            "x": -7.0,
            "y": -7.0,
            "r": -7.0
        },
        {
            "x": -1.0,
            "y": -1.0,
            "r": -1.0
        },
        {
            "x": -7.0,
            "y": -7.0,
            "r": -7.0
        },
        {
            "x": 3.0,
            "y": 3.0,
            "r": 3.0
        },
        {
            "x": -7.0,
            "y": -7.0,
            "r": -7.0
        },
        {
            "x": 5.0,
            "y": 5.0,
            "r": 5.0
        },
        {
            "x": -7.0,
            "y": -7.0,
            "r": -7.0
        },
        {
            "x": -5.0,
            "y": -5.0,
            "r": -5.0
        },
        {
            "x": -3.0,
            "y": -3.0,
            "r": -3.0
        }
    ],
    "R": 16.09999999999996,
    "R_x": 2.7857142857142856,
    "R_y": 1.8571428571428572,
    "fo": 16.09999999999996
}