{
    "points": [
        {
            "x": 5.653916807125746,
            "y": -10.493503610333189,
            "r": 1
        },
        {
            "x": 6.738542450913326,
            "y": 9.270705062915868,
            "r": 2
        },
        {
            "x": 8.288190343902317,
            "y": -6.384485530541006,
            "r": 3
        },
        {
            "x": -9.30296638790302,
            "y": 1.7281059544836985,
            "r": 4
        },
        {
            "x": 8.306473349425703,
            "y": 1.6154917016743697,
            "r": 5
        },
        {
            "x": -1.05797001736659,
            "y": 7.386730773491427,
            "r": 6
        },
        {
            "x": -1.7106405711504293,
            "y": -6.2315792582775185,
            "r": 7
        }
    ],
    "R": 13.462110430806405,
    "R_x": 0,
    "R_y": 0,
    "fo": 13.462110430806405,
    "gap": 0.00029656482196210556
}