{
    "points": [
        {
            "x": 10.0,
            "y": 10.0,
            "r": 10.0
        },
        {
            "x": 30.0,
            "y": 30.0,
            "r": 30.0
        },
        {
            "x": 10.0,
            "y": 10.0,
            "r": 10.0
        },
        {
            "x": 10.0,
            "y": 10.0,
            "r": 10.0
        },
        {
            "x": -10.0,
            "y": -10.0,
            "r": -10.0
        },
        {
            "x": 30.0,
            "y": 30.0,
            "r": 30.0
        },
        {
            "x": -10.0,
            "y": -10.0,
            "r": -10.0
        },
        {
            "x": 30.0,
            "y": 30.0,
            "r": 30.0
        },
        {
            "x": -10.0,
            "y": -10.0,
            "r": -10.0
        },
        {
            "x": 50.0,
            "y": 50.0,
            "r": 50.0
        },
        {
            "x": 9.0,
            "y": 9.0,
            "r": 9.0
        },
        {
            "x": 9.0,
            "y": 9.0,
            "r": 9.0
        },
        {
            "x": -31.0,
            "y": -31.0,
            "r": -31.0
        },
        {
            "x": 27.0,
            "y": 27.0,
            "r": 27.0
        },
        {
            "x": 27.0,
            "y": 27.0,
            "r": 27.0
        },
        {
            "x": -31.0,
            "y": -31.0,
            "r": -31.0
        },
        {
            "x": 49.0,
            "y": 49.0,
            "r": 49.0
        },
        {
            "x": -11.0,
            "y": -11.0,
            "r": -11.0
        },
        {
            "x": -31.0,
            "y": -31.0,
            "r": -31.0
        },
        {
            "x": 49.0,
            "y": 49.0,
            "r": 49.0
        },
        {
            "x": -12.0,
            "y": -12.0,
            "r": -12.0
        },
        {
            "x": 44.0,
            "y": 44.0,
            "r": 44.0
        },
        {
            "x": 44.0,
            "y": 44.0,
            "r": 44.0
        },
        {
            "x": -32.0,
            "y": -32.0,
            "r": -32.0
        },
        {
            "x": -32.0,
            "y": -32.0,
            "r": -32.0
        },
        {
            "x": 8.0,
            "y": 8.0,
            "r": 8.0
        },
        {
            "x": 8.0,
            "y": 8.0,
            "r": 8.0
        },
        {
            "x": -50.0,
            "y": -50.0,
            "r": -50.0
        },
        {
            "x": -12.0,
            "y": -12.0,
            "r": -12.0
        },
        {
            "x": 28.0,
            "y": 28.0,
            "r": 28.0
        },
        {
            "x": -49.0,
            "y": -49.0,
            "r": -49.0
        },
        {
            "x": 67.0,
            "y": 67.0,
            "r": 67.0
        },
        {
            "x": 23.0,
            "y": 23.0,
            "r": 23.0
        },
        {
            "x": -11.0,
            "y": -11.0,
            "r": -11.0
        },
        {
            "x": -51.0,
            "y": -51.0,
            "r": -51.0
        },
        {
            "x": 65.0,
            "y": 65.0,
            "r": 65.0
        },
        {
            "x": 65.0,
            "y": 65.0,
            "r": 65.0
        },
        {
            "x": 37.0,
            "y": 37.0,
            "r": 37.0
        },
        {
            "x": -49.0,
            "y": -49.0,
            "r": -49.0
        },
        {
            "x": 59.0,
            "y": 59.0,
            "r": 59.0
        },
        {
            "x": 58.0,
            "y": 58.0,
            "r": 58.0
        },
        {
            "x": -34.0,
            "y": -34.0,
            "r": -34.0
        },
        {
            "x": 46.0,
            "y": 46.0,
            "r": 46.0
        },
        {
            "x": -32.0,
            "y": -32.0,
            "r": -32.0
        },
        {
            "x": -52.0,
            "y": -52.0,
            "r": -52.0
        },
        {
            "x": -64.0,
            "y": -64.0,
            "r": -64.0
        },
        {
            "x": 10.0,
            "y": 10.0,
            "r": 10.0
        },
        {
            "x": -64.0,
            "y": -64.0,
            "r": -64.0
        },
        {
            "x": 50.0,
            "y": 50.0,
            "r": 50.0
        },
        {
            "x": 58.0,
            "y": 58.0,
            "r": 58.0
        },
        {
            "x": 21.0,
            "y": 21.0,
            "r": 21.0
        },
        {
            "x": -51.0,
            "y": -51.0,
            "r": -51.0
        },
        {
            "x": 21.0,
            "y": 21.0,
            "r": 21.0
        },
        {
            "x": 5.0,
            "y": 5.0,
            "r": 5.0
        },
        {
            "x": 79.0,
            "y": 79.0,
            "r": 79.0
        },
        {
            "x": 79.0,
            "y": 79.0,
            "r": 79.0
        },
        {
            "x": -15.0,
            "y": -15.0,
            "r": -15.0
        },
        {
            "x": -5.0,
            "y": -5.0,
            "r": -5.0
        },
        {
            "x": 77.0,
            "y": 77.0,
            "r": 77.0
        },
        {
            "x": 77.0,
            "y": 77.0,
            "r": 77.0
        },
        {
            "x": 56.0,
            "y": 56.0,
            "r": 56.0
        },
        {
            "x": -24.0,
            "y": -24.0,
            "r": -24.0
        },
        {
            "x": -22.0,
            "y": -22.0,
            "r": -22.0
        },
        {
            "x": -22.0,
            "y": -22.0,
            "r": -22.0
        },
        {
            "x": -54.0,
            "y": -54.0,
            "r": -54.0
        },
        {
            "x": -46.0,
            "y": -46.0,
            "r": -46.0
        },
        {
            "x": 64.0,
            "y": 64.0,
            "r": 64.0
        },
        {
            "x": -24.0,
            "y": -24.0,
            "r": -24.0
        },
        {
            "x": 32.0,
            "y": 32.0,
            "r": 32.0
        },
        {
            "x": 76.0,
            "y": 76.0,
            "r": 76.0
        },
        {
            "x": 61.0,
            "y": 61.0,
            "r": 61.0
        },
        {
            "x": -35.0,
            "y": -35.0,
            "r": -35.0
        },
        {
            "x": -29.0,
            "y": -29.0,
            "r": -29.0
        },
        {
            "x": -43.0,
            "y": -43.0,
            "r": -43.0
        },
        {
            "x": -43.0,
            "y": -43.0,
            "r": -43.0
        },
        {
            "x": 63.0,
            "y": 63.0,
            "r": 63.0
        },
        {
            "x": 19.0,
            "y": 19.0,
            "r": 19.0
        },
        {
            "x": 67.0,
            "y": 67.0,
            "r": 67.0
        },
        {
            "x": 25.0,
            "y": 25.0,
            "r": 25.0
        },
        {
            "x": -43.0,
            "y": -43.0,
            "r": -43.0
        },
        {
            "x": -22.0,
            "y": -22.0,
            "r": -22.0
        },
        {
            "x": -2.0,
            "y": -2.0,
            "r": -2.0
        },
        {
            "x": 38.0,
            "y": 38.0,
            "r": 38.0
        },
        {
            "x": -22.0,
            "y": -22.0,
            "r": -22.0
        },
        {
            "x": -2.0,
            "y": -2.0,
            "r": -2.0
        },
        {
            "x": -42.0,
            "y": -42.0,
            "r": -42.0
        },
        {
            "x": -2.0,
            "y": -2.0,
            "r": -2.0
        },
        {
            "x": -22.0,
            "y": -22.0,
            "r": -22.0
        },
        {
            "x": -22.0,
            "y": -22.0,
            "r": -22.0
        },
        {
            "x": -22.0,
            "y": -22.0,
            "r": -22.0
        },
        {
            "x": 1.0,
            "y": 1.0,
            "r": 1.0
        },
        {
            "x": -21.0,
            "y": -21.0,
            "r": -21.0
        },
        {
            "x": -1.0,
            "y": -1.0,
            "r": -1.0
        },
        {
            "x": -21.0,
            "y": -21.0,
            "r": -21.0
        },
        {
            "x": 3.0,
            "y": 3.0,
            "r": 3.0
        },
        {
            "x": -21.0,
            "y": -21.0,
            "r": -21.0
        },
        {
            "x": 5.0,
            "y": 5.0,
            "r": 5.0
        },
        {
            "x": -21.0,
            "y": -21.0,
            "r": -21.0
        },
        {
            "x": 7.0,
            "y": 7.0,
            "r": 7.0
        },
        {
            "x": -21.0,
            "y": -21.0,
            "r": -21.0
        }
    ],
    "R": 81.09999999999967,
    "R_x": 8.656103896103897,
    "R_y": 8.00051948051948,
    "fo": 81.09999999999967
}