{
    "points": [
        {
            "x": 5.0,
            "y": 5.0,
            "r": 5.0
        },
        {
            "x": 15.0,
            "y": 15.0,
            "r": 15.0
        },
        {
            "x": 5.0,
            "y": 5.0,
            "r": 5.0
        },
        {
            "x": 5.0,
            "y": 5.0,
            "r": 5.0
        },
        {
            "x": -5.0,
            "y": -5.0,
            "r": -5.0
        },
        {
            "x": 15.0,
            "y": 15.0,
            "r": 15.0
        },
        {
            "x": -5.0,
            "y": -5.0,
            "r": -5.0
        },
        {
            "x": 15.0,
            "y": 15.0,
            "r": 15.0
        },
        {
            "x": -5.0,
            "y": -5.0,
            "r": -5.0
        },
        {
            "x": 25.0,
            "y": 25.0,
            "r": 25.0
        },
        {
            "x": 4.0,
            "y": 4.0,
            "r": 4.0
        },
        {
            "x": 4.0,
            "y": 4.0,
            "r": 4.0
        },
        {
            "x": -16.0,
            "y": -16.0,
            "r": -16.0
        },
        {
            "x": 12.0,
            "y": 12.0,
            "r": 12.0
        },
        {
            "x": 12.0,
            "y": 12.0,
            "r": 12.0
        },
        {
            "x": -16.0,
            "y": -16.0,
            "r": -16.0
        },
        {
            "x": 24.0,
            "y": 24.0,
            "r": 24.0
        },
        {
            "x": -6.0,
            "y": -6.0,
            "r": -6.0
        },
        {
            "x": -16.0,
            "y": -16.0,
            "r": -16.0
        },
        {
            "x": 24.0,
            "y": 24.0,
            "r": 24.0
        },
        {
            "x": -7.0,
            "y": -7.0,
            "r": -7.0
        },
        {
            "x": 19.0,
            "y": 19.0,
            "r": 19.0
        },
        {
            "x": 19.0,
            "y": 19.0,
            "r": 19.0
        },
        {
            "x": -17.0,
            "y": -17.0,
            "r": -17.0
        },
        {
            "x": -7.0,
            "y": -7.0,
            "r": -7.0
        },
        {
            "x": 13.0,
            "y": 13.0,
            "r": 13.0
        },
        {
            "x": -23.0,
            "y": -23.0,
            "r": -23.0
        },
        {
            "x": 3.0,
            "y": 3.0,
            "r": 3.0
        },
        {
            "x": 3.0,
            "y": 3.0,
            "r": 3.0
        },
        {
            "x": -25.0,
            "y": -25.0,
            "r": -25.0
        },
        {
            "x": -2.0,
            "y": -2.0,
            "r": -2.0
        },
        {
            "x": 18.0,
            "y": 18.0,
            "r": 18.0
        },
        {
            "x": -12.0,
            "y": -12.0,
            "r": -12.0
        },
        {
            "x": -2.0,
            "y": -2.0,
            "r": -2.0
        },
        {
            "x": 22.0,
            "y": 22.0,
            "r": 22.0
        },
        {
            "x": -12.0,
            "y": -12.0,
            "r": -12.0
        },
        {
            "x": 26.0,
            "y": 26.0,
            "r": 26.0
        },
        {
            "x": -12.0,
            "y": -12.0,
            "r": -12.0
        },
        {
            "x": -18.0,
            "y": -18.0,
            "r": -18.0
        },
        {
            "x": -14.0,
            "y": -14.0,
            "r": -14.0
        },
        {
            "x": 1.0,
            "y": 1.0,
            "r": 1.0
        },
        {
            "x": -11.0,
            "y": -11.0,
            "r": -11.0
        },
        {
            "x": -1.0,
            "y": -1.0,
            "r": -1.0
        },
        {
            "x": -11.0,
            "y": -11.0,
            "r": -11.0
        },
        {
            "x": 3.0,
            "y": 3.0,
            "r": 3.0
        },
        {
            "x": -11.0,
            "y": -11.0,
            "r": -11.0
        },
        {
            "x": 5.0,
            "y": 5.0,
            "r": 5.0
        },
        {
            "x": -11.0,
            "y": -11.0,
            "r": -11.0
        },
        {
            "x": 7.0,
            "y": 7.0,
            "r": 7.0
        },
        {
            "x": -11.0,
            "y": -11.0,
            "r": -11.0
        }
    ],
    "R": 33.0000000000002,
    "R_x": 3.461818181818182,
    "R_y": 4.301818181818182,
    "fo": 33.0000000000002
}