{
    "points": [
        {
            "x": -0.2922559676077382,
            "y": -7.245402574989328,
            "r": 1
        },
        {
            "x": 0.0,
            "y": 11.683950139940213,
            "r": 1
        },
        {
            "x": 8.01886283529193,
            "y": 10.137094069182382,
            "r": 1
        },
        {
            "x": -0.6580253666019776,
            "y": -3.286455576990281,
            "r": 1
        },
        {
            "x": -1.5000071719915402,
            "y": 4.1149174672467534,
            "r": 1
        },
        {
            "x": -4.4994836844128265,
            "y": 3.0202838308064286,
            "r": 1
        },
        {
            "x": 1.4854555137463916,
            "y": -6.263023537253103,
            "r": 1
        },
        {
            "x": -1.2610450188940707,
            "y": 2.083400266525794,
            "r": 1
        },
        {
            "x": 10.175274419973992,
            "y": 12.97945070049484,
            "r": 1
        },
        {
            "x": 6.008089900469629,
            "y": 5.831661880954771,
            "r": 1
        },
        {
            "x": -3.448478399948076,
            "y": 6.396285972825311,
            "r": 2
        },
        {
            "x": 3.3390503237511266,
            "y": 14.480235703230791,
            "r": 2
        },
        {
            "x": -10.017160874012385,
            "y": 0.0,
            "r": 2
        },
        {
            "x": 8.161942661160928,
            "y": 3.7404398423378935,
            "r": 2
        },
        {
            "x": 9.838402445341435,
            "y": -12.196246528262822,
            "r": 2
        },
        {
            "x": -7.512947065204118,
            "y": 6.23558668879518,
            "r": 2
        },
        {
            "x": 7.977509619811302,
            "y": -0.9332992592777984,
            "r": 2
        },
        {
            "x": -14.333004020453252,
            "y": -3.4656755981203258,
            "r": 2
        },
        {
            "x": -5.3364637698606385,
            "y": -13.580884682480866,
            "r": 2
        },
        {
            "x": 15.469643353040999,
            "y": -2.7746582676621916,
            "r": 2
        },
        {
            "x": -4.413768252494982,
            "y": 11.82752405208165,
            "r": 3
        },
        {
            "x": 12.493705937420366,
            "y": 1.243276075755138,
            "r": 3
        },
        {
            "x": 11.422406151420635,
            "y": 7.942535565788049,
            "r": 3
        },
        {
            "x": -10.677711105138911,
            "y": -6.916251376831848,
            "r": 3
        },
        {
            "x": -12.244723160165263,
            "y": 4.510991289018175,
            "r": 3
        },
        {
            "x": 3.2991131891171324,
            "y": -2.6975977563932263,
            "r": 3
        },
        {
            "x": 7.65703521150942,
            "y": -7.6594453372220785,
            "r": 3
        },
        {
            "x": -3.892953872767057,
            "y": -0.9337160599363978,
            "r": 3
        },
        {
            "x": 2.444227974338044,
            "y": 8.423898180054856,
            "r": 3
        },
        {
            "x": 0.0,
            "y": -11.282593867357232,
            "r": 3
        }
    ],
    "R": 17.716507054297615,
    "R_x": 0,
    "R_y": 0,
    "fo": 17.716507054297615,
    "gap": 0.9435554651413398
}